{
  "$schema": "https://json.schemastore.org/nest-cli",
  "collection": "@nestjs/schematics",
  "sourceRoot": "src",
  "compilerOptions": {
    "deleteOutDir": true,
    "tsConfigPath": "tsconfig.build.json",
    "plugins": [
      {
        "name": "@nestjs/swagger",
        "options": {
          "dtoFileNameSuffix": [
            ".entity.ts",
            ".dto.ts"
          ],
          "controllerFileNameSuffix": [
            ".controller.ts"
          ],
          "classValidatorShim": true
        }
      }
    ]
  }
}